﻿[
  {
    "Id": 1145344,
    "LastName": "Moisant",
    "FirstName": "Claud",
    "Title": "Dr",
    "Email": "Claud.Moisant@shit.ac.nz",
    "Tel": "+64 27 1475963",
    "Url": "https://www.shit.ac.nz/people/Claud-Moisant/",
    "Research": "Artificial Intelligence,Mobile and Internet Applications,Computing Education"
  },
  {
    "Id": 1202142,
    "LastName": "Napoles",
    "FirstName": "Trudy",
    "Title": "Dr",
    "Email": "Trudy.Napoles@shit.ac.nz",
    "Tel": "+64 27 5937377",
    "Url": "https://www.shit.ac.nz/people/Trudy-Napoles/",
    "Research": "Computer Architecture,Data Mining,Bioinformatics,Databases"
  },
  {
    "Id": 1286538,
    "LastName": "Jahnsen",
    "FirstName": "Clementina",
    "Title": "Dr",
    "Email": "Clementina.Jahnsen@shit.ac.nz",
    "Tel": "+64 27 5525963",
    "Url": "https://www.shit.ac.nz/people/Clementina-Jahnsen/",
    "Research": "Social Computing,Parallel Computing,Bioinformatics,Graphics and Visualization,Software Architectures"
  },
  {
    "Id": 1385678,
    "LastName": "Zawasky",
    "FirstName": "Adriene",
    "Title": "Professor",
    "Email": "Adriene.Zawasky@shit.ac.nz",
    "Tel": "+64 27 2193944",
    "Url": "https://www.shit.ac.nz/people/Adriene-Zawasky/",
    "Research": "Distributed Systems,Computer Architecture,Software Engineering,Digital Security,Human Computer Interaction"
  },
  {
    "Id": 1825197,
    "LastName": "Serenil",
    "FirstName": "Livia",
    "Title": "Dr",
    "Email": "Livia.Serenil@shit.ac.nz",
    "Tel": "+64 27 8956591",
    "Url": "https://www.shit.ac.nz/people/Livia-Serenil/",
    "Research": "Parallel Computing,Cloud Computing,Social Computing,Data Science,Graphics and Visualization"
  },
  {
    "Id": 2192338,
    "LastName": "Parrent",
    "FirstName": "Shaun",
    "Title": "Dr",
    "Email": "Shaunna.Parrent@shit.ac.nz",
    "Tel": "+64 27 9411130",
    "Url": "https://www.shit.ac.nz/people/Shaunna-Parrent/",
    "Research": "Computer Architecture,Software Architectures,Machine Learning"
  },
  {
    "Id": 2299097,
    "LastName": "Bardill",
    "FirstName": "Carl",
    "Title": "Associate Professor",
    "Email": "Carl.Bardill@shit.ac.nz",
    "Tel": "+64 27 1744183",
    "Url": "https://www.shit.ac.nz/people/Carl-Bardill/",
    "Research": "Programming Languages,Graphics and Visualization,Unconventional Computing,Social Computing,Mobile and Internet Applications"
  },
  {
    "Id": 2473283,
    "LastName": "Baratta",
    "FirstName": "Vina",
    "Title": "Associate Professor",
    "Email": "Vina.Baratta@shit.ac.nz",
    "Tel": "+64 27 1660497",
    "Url": "https://www.shit.ac.nz/people/Vina-Baratta/",
    "Research": "Computer Networks,High Performance Computing,Computing Education,Parallel Computing,Digital Security"
  },
  {
    "Id": 2500790,
    "LastName": "Wahlman",
    "FirstName": "Cyrus",
    "Title": "Associate Professor",
    "Email": "Cyrus.Wahlman@shit.ac.nz",
    "Tel": "+64 27 9117752",
    "Url": "https://www.shit.ac.nz/people/Cyrus-Wahlman/",
    "Research": "Software Engineering,Social Computing,Geographical Information Systems"
  },
  {
    "Id": 2602210,
    "LastName": "Crosbie",
    "FirstName": "Cordell",
    "Title": "Associate Professor",
    "Email": "Cordell.Crosbie@shit.ac.nz",
    "Tel": "+64 27 4911661",
    "Url": "https://www.shit.ac.nz/people/Cordell-Crosbie/",
    "Research": "High Performance Computing,Compiler Optimization,Computing Education"
  },
  {
    "Id": 2710592,
    "LastName": "Niskala",
    "FirstName": "Neomi",
    "Title": "Associate Professor",
    "Email": "Neomi.Niskala@shit.ac.nz",
    "Tel": "+64 27 8307121",
    "Url": "https://www.shit.ac.nz/people/Neomi-Niskala/",
    "Research": "Databases,Compiler Optimization,Mobile and Internet Applications,Data Mining"
  },
  {
    "Id": 2764668,
    "LastName": "Everett",
    "FirstName": "Kenneth",
    "Title": "Dr",
    "Email": "Kenneth.Everett@shit.ac.nz",
    "Tel": "+64 27 3581615",
    "Url": "https://www.shit.ac.nz/people/Kenneth-Everett/",
    "Research": "Immersive Computing,Distributed Systems,Computing Education,Compiler Optimization,Artificial Intelligence"
  },
  {
    "Id": 2932221,
    "LastName": "Sawyers",
    "FirstName": "Suellen",
    "Title": "Associate Professor",
    "Email": "Suellen.Sawyers@shit.ac.nz",
    "Tel": "+64 27 9734078",
    "Url": "https://www.shit.ac.nz/people/Suellen-Sawyers/",
    "Research": "Databases,Parallel Computing,Unconventional Computing"
  },
  {
    "Id": 3139231,
    "LastName": "Vinyard",
    "FirstName": "Berta",
    "Title": "Associate Professor",
    "Email": "Berta.Vinyard@shit.ac.nz",
    "Tel": "+64 27 1311002",
    "Url": "https://www.shit.ac.nz/people/Berta-Vinyard/",
    "Research": "Computer Architecture,Optimization Algorithms,High Performance Computing,Computational Biology"
  },
  {
    "Id": 3165923,
    "LastName": "Kominek",
    "FirstName": "Phyllis",
    "Title": "Dr",
    "Email": "Phyllis.Kominek@shit.ac.nz",
    "Tel": "+64 27 6084594",
    "Url": "https://www.shit.ac.nz/people/Phyllis-Kominek/",
    "Research": "Performance Modelling,Optimization Algorithms,High Performance Computing,Machine Learning,Robotics"
  },
  {
    "Id": 3229649,
    "LastName": "Garness",
    "FirstName": "Nola",
    "Title": "Professor",
    "Email": "Nola.Garness@shit.ac.nz",
    "Tel": "+64 27 2887070",
    "Url": "https://www.shit.ac.nz/people/Nola-Garness/",
    "Research": "Graphics and Visualization,Computer Networks,Data Mining,Theoretical Foundations,Distributed Systems"
  },
  {
    "Id": 3254623,
    "LastName": "Wickers",
    "FirstName": "Jeffry",
    "Title": "Associate Professor",
    "Email": "Jeffry.Wickers@shit.ac.nz",
    "Tel": "+64 27 9354897",
    "Url": "https://www.shit.ac.nz/people/Jeffry-Wickers/",
    "Research": "Bioinformatics,Unconventional Computing,Databases,Computer Networks"
  },
  {
    "Id": 3298103,
    "LastName": "Fazzone",
    "FirstName": "Jessenia",
    "Title": "Professor",
    "Email": "Jessenia.Fazzone@shit.ac.nz",
    "Tel": "+64 27 9880008",
    "Url": "https://www.shit.ac.nz/people/Jessenia-Fazzone/",
    "Research": "Distributed Systems,Mobile and Internet Applications,Robotics,Graphics and Visualization"
  },
  {
    "Id": 3379587,
    "LastName": "Heschke",
    "FirstName": "Elban",
    "Title": "Dr",
    "Email": "Elban.Heschke@shit.ac.nz",
    "Tel": "+64 27 2579169",
    "Url": "https://www.shit.ac.nz/people/Elban-Heschke/",
    "Research": "Graphics and Visualization,Artificial Intelligence,Optimization Algorithms,Digital Security"
  },
  {
    "Id": 3446727,
    "LastName": "Perilli",
    "FirstName": "Kenny",
    "Title": "Associate Professor",
    "Email": "Kenny.Perilli@shit.ac.nz",
    "Tel": "+64 27 8035887",
    "Url": "https://www.shit.ac.nz/people/Kenny-Perilli/",
    "Research": "Social Computing,Optimization Algorithms,Graphics and Visualization,Parallel Computing"
  },
  {
    "Id": 3464155,
    "LastName": "Brannum",
    "FirstName": "Hilaria",
    "Title": "Associate Professor",
    "Email": "Hilaria.Brannum@shit.ac.nz",
    "Tel": "+64 27 3565642",
    "Url": "https://www.shit.ac.nz/people/Hilaria-Brannum/",
    "Research": "Optimization Algorithms,Cloud Computing,Bioinformatics"
  },
  {
    "Id": 4348299,
    "LastName": "Malleck",
    "FirstName": "Gayla",
    "Title": "Professor",
    "Email": "Gayla.Malleck@shit.ac.nz",
    "Tel": "+64 27 6237600",
    "Url": "https://www.shit.ac.nz/people/Gayla-Malleck/",
    "Research": "Computer Architecture,Computing Education,Bioinformatics,Human Computer Interaction"
  },
  {
    "Id": 4492404,
    "LastName": "Varrone",
    "FirstName": "Lakia",
    "Title": "Associate Professor",
    "Email": "Lakia.Varrone@shit.ac.nz",
    "Tel": "+64 27 1281829",
    "Url": "https://www.shit.ac.nz/people/Lakia-Varrone/",
    "Research": "Graphics and Visualization,Distributed Systems,Human Computer Interaction"
  },
  {
    "Id": 5391330,
    "LastName": "Loeffel",
    "FirstName": "Carol",
    "Title": "Professor",
    "Email": "Carol.Loeffel@shit.ac.nz",
    "Tel": "+64 27 5448043",
    "Url": "https://www.shit.ac.nz/people/Carol-Loeffel/",
    "Research": "Artificial Intelligence,High Performance Computing,Software Architectures,Parallel Computing"
  },
  {
    "Id": 5405973,
    "LastName": "Reifman",
    "FirstName": "Neill",
    "Title": "Professor",
    "Email": "Neill.Reifman@shit.ac.nz",
    "Tel": "+64 27 1941434",
    "Url": "https://www.shit.ac.nz/people/Neill-Reifman/",
    "Research": "Theoretical Foundations,Computer Architecture,Data Science,Bioinformatics"
  },
  {
    "Id": 5825663,
    "LastName": "Mcclamy",
    "FirstName": "Mickie",
    "Title": "Dr",
    "Email": "Mickie.Mcclamy@shit.ac.nz",
    "Tel": "+64 27 5371016",
    "Url": "https://www.shit.ac.nz/people/Mickie-Mcclamy/",
    "Research": "Human Computer Interaction,Cybersecurity,Digital Security,Immersive Computing"
  },
  {
    "Id": 5921072,
    "LastName": "Pinelli",
    "FirstName": "Vince",
    "Title": "Dr",
    "Email": "Vince.Pinelli@shit.ac.nz",
    "Tel": "+64 27 2204388",
    "Url": "https://www.shit.ac.nz/people/Vince-Pinelli/",
    "Research": "Computing Education,Optimization Algorithms,Distributed Systems,Computer Architecture,Data Mining"
  },
  {
    "Id": 8862661,
    "LastName": "Sookram",
    "FirstName": "Keely",
    "Title": "Associate Professor",
    "Email": "Keely.Sookram@shit.ac.nz",
    "Tel": "+64 27 6412723",
    "Url": "https://www.shit.ac.nz/people/Keely-Sookram/",
    "Research": "Databases,Artificial Intelligence,Immersive Computing,Geographical Information Systems,Mobile and Internet Applications"
  },
  {
    "Id": 6042511,
    "LastName": "Raulino",
    "FirstName": "Jacelyn",
    "Title": "Associate Professor",
    "Email": "Jacelyn.Raulino@shit.ac.nz",
    "Tel": "+64 27 6720560",
    "Url": "https://www.shit.ac.nz/people/Jacelyn-Raulino/",
    "Research": "Human Computer Interaction,Graphics and Visualization,Bioinformatics,Software Architectures,Geographical Information Systems"
  },
  {
    "Id": 6446641,
    "LastName": "Paysour",
    "FirstName": "Maya",
    "Title": "Associate Professor",
    "Email": "Maya.Paysour@shit.ac.nz",
    "Tel": "+64 27 3139090",
    "Url": "https://www.shit.ac.nz/people/Maya-Paysour/",
    "Research": "Software Architectures,Unconventional Computing,Graphics and Visualization,Cloud Computing,Geographical Information Systems"
  },
  {
    "Id": 6600437,
    "LastName": "Finklea",
    "FirstName": "Jamey",
    "Title": "Dr",
    "Email": "Jamey.Finklea@shit.ac.nz",
    "Tel": "+64 27 9353698",
    "Url": "https://www.shit.ac.nz/people/Jamey-Finklea/",
    "Research": "Machine Learning,Cybersecurity,Digital Security,Graphics and Visualization,Immersive Computing"
  },
  {
    "Id": 6984120,
    "LastName": "Bartgis",
    "FirstName": "Giovanni",
    "Title": "Professor",
    "Email": "Giovanni.Bartgis@shit.ac.nz",
    "Tel": "+64 27 5710493",
    "Url": "https://www.shit.ac.nz/people/Giovanni-Bartgis/",
    "Research": "High Performance Computing,Bioinformatics,Cloud Computing,Computer Networks"
  },
  {
    "Id": 7137538,
    "LastName": "Urdiano",
    "FirstName": "Blondell",
    "Title": "Associate Professor",
    "Email": "Blondell.Urdiano@shit.ac.nz",
    "Tel": "+64 27 7241488",
    "Url": "https://www.shit.ac.nz/people/Blondell-Urdiano/",
    "Research": "Artificial Intelligence,Robotics,Cloud Computing,Immersive Computing"
  },
  {
    "Id": 7181360,
    "LastName": "Engblom",
    "FirstName": "Pierre",
    "Title": "Associate Professor",
    "Email": "Pierre.Engblom@shit.ac.nz",
    "Tel": "+64 27 8895741",
    "Url": "https://www.shit.ac.nz/people/Pierre-Engblom/",
    "Research": "Parallel Computing,Social Computing,Artificial Intelligence,Machine Learning"
  },
  {
    "Id": 7247480,
    "LastName": "Catmull",
    "FirstName": "Clemente",
    "Title": "Associate Professor",
    "Email": "Clemente.Catmull@shit.ac.nz",
    "Tel": "+64 27 1388617",
    "Url": "https://www.shit.ac.nz/people/Clemente-Catmull/",
    "Research": "Data Science,Compiler Optimization,Databases"
  },
  {
    "Id": 7344559,
    "LastName": "Leclair",
    "FirstName": "Slyvia",
    "Title": "Professor",
    "Email": "Slyvia.Leclair@shit.ac.nz",
    "Tel": "+64 27 3471476",
    "Url": "https://www.shit.ac.nz/people/Slyvia-Leclair/",
    "Research": "Computing Education,Data Mining,Social Computing,Performance Modelling,Cloud Computing"
  },
  {
    "Id": 7441093,
    "LastName": "Azoulay",
    "FirstName": "Adah",
    "Title": "Professor",
    "Email": "Adah.Azoulay@shit.ac.nz",
    "Tel": "+64 27 5768140",
    "Url": "https://www.shit.ac.nz/people/Adah-Azoulay/",
    "Research": "Unconventional Computing,Digital Security,Machine Learning"
  },
  {
    "Id": 7477678,
    "LastName": "Goodger",
    "FirstName": "Jennefer",
    "Title": "Associate Professor",
    "Email": "Jennefer.Goodger@shit.ac.nz",
    "Tel": "+64 27 6312251",
    "Url": "https://www.shit.ac.nz/people/Jennefer-Goodger/",
    "Research": "Mobile and Internet Applications,Unconventional Computing,Immersive Computing"
  },
  {
    "Id": 7731922,
    "LastName": "Hanegan",
    "FirstName": "Buck",
    "Title": "Professor",
    "Email": "Buck.Hanegan@shit.ac.nz",
    "Tel": "+64 27 8191335",
    "Url": "https://www.shit.ac.nz/people/Buck-Hanegan/",
    "Research": "Computer Networks,Geographical Information Systems,Unconventional Computing"
  },
  {
    "Id": 8004097,
    "LastName": "Arakaki",
    "FirstName": "Annetta",
    "Title": "Dr",
    "Email": "Annetta.Arakaki@shit.ac.nz",
    "Tel": "+64 27 3510906",
    "Url": "https://www.shit.ac.nz/people/Annetta-Arakaki/",
    "Research": "Artificial Intelligence,Bioinformatics,Digital Security,Unconventional Computing,Cloud Computing"
  },
  {
    "Id": 8090113,
    "LastName": "Zavacky",
    "FirstName": "Sherwood",
    "Title": "Professor",
    "Email": "Sherwood.Zavacky@shit.ac.nz",
    "Tel": "+64 27 9792988",
    "Url": "https://www.shit.ac.nz/people/Sherwood-Zavacky/",
    "Research": "Mobile and Internet Applications,Bioinformatics,Theoretical Foundations,Parallel Computing,Computer Networks"
  },
  {
    "Id": 8116996,
    "LastName": "Vencill",
    "FirstName": "Gerald",
    "Title": "Professor",
    "Email": "Gerald.Vencill@shit.ac.nz",
    "Tel": "+64 27 3726392",
    "Url": "https://www.shit.ac.nz/people/Gerald-Vencill/",
    "Research": "Performance Modelling,Machine Learning,Robotics,Data Mining,Programming Languages"
  },
  {
    "Id": 8170547,
    "LastName": "Kuzniar",
    "FirstName": "Lyda",
    "Title": "Associate Professor",
    "Email": "Lyda.Kuzniar@shit.ac.nz",
    "Tel": "+64 27 6517012",
    "Url": "https://www.shit.ac.nz/people/Lyda-Kuzniar/",
    "Research": "Digital Security,Computing Education,Performance Modelling"
  },
  {
    "Id": 8170570,
    "LastName": "Lievens",
    "FirstName": "Brendon",
    "Title": "Associate Professor",
    "Email": "Brendon.Lievens@shit.ac.nz",
    "Tel": "+64 27 1318132",
    "Url": "https://www.shit.ac.nz/people/Brendon-Lievens/",
    "Research": "Parallel Computing,Data Mining,Human Computer Interaction,Computational Biology"
  },
  {
    "Id": 8273708,
    "LastName": "Gallion",
    "FirstName": "Luther",
    "Title": "Dr",
    "Email": "Luther.Gallion@shit.ac.nz",
    "Tel": "+64 27 5820019",
    "Url": "https://www.shit.ac.nz/people/Luther-Gallion/",
    "Research": "High Performance Computing,Software Architectures,Human Computer Interaction,Immersive Computing,Cybersecurity"
  },
  {
    "Id": 8348490,
    "LastName": "Mattila",
    "FirstName": "Bonita",
    "Title": "Dr",
    "Email": "Bonita.Mattila@shit.ac.nz",
    "Tel": "+64 27 2721230",
    "Url": "https://www.shit.ac.nz/people/Bonita-Mattila/",
    "Research": "Unconventional Computing,Data Mining,Mobile and Internet Applications,Computing Education"
  },
  {
    "Id": 8443765,
    "LastName": "Werling",
    "FirstName": "Danilo",
    "Title": "Associate Professor",
    "Email": "Danilo.Werling@shit.ac.nz",
    "Tel": "+64 27 4340609",
    "Url": "https://www.shit.ac.nz/people/Danilo-Werling/",
    "Research": "Mobile and Internet Applications,Software Engineering,Data Science"
  },
  {
    "Id": 8570551,
    "LastName": "Cameron",
    "FirstName": "Dulce",
    "Title": "Dr",
    "Email": "Dulce.Cameron@shit.ac.nz",
    "Tel": "+64 27 9898946",
    "Url": "https://www.shit.ac.nz/people/Dulce-Cameron/",
    "Research": "Computer Architecture,Immersive Computing,Geographical Information Systems"
  },
  {
    "Id": 9131738,
    "LastName": "Forkner",
    "FirstName": "Delinda",
    "Title": "Associate Professor",
    "Email": "Delinda.Forkner@shit.ac.nz",
    "Tel": "+64 27 5484758",
    "Url": "https://www.shit.ac.nz/people/Delinda-Forkner/",
    "Research": "Data Science,Computer Networks,Mobile and Internet Applications,Cybersecurity"
  },
  {
    "Id": 9168372,
    "LastName": "Cargill",
    "FirstName": "Song",
    "Title": "Associate Professor",
    "Email": "Song.Cargill@shit.ac.nz",
    "Tel": "+64 27 1418362",
    "Url": "https://www.shit.ac.nz/people/Song-Cargill/",
    "Research": "Digital Security,Computer Networks,Human Computer Interaction"
  },
  {
    "Id": 9211942,
    "LastName": "Mcbrien",
    "FirstName": "Petra",
    "Title": "Associate Professor",
    "Email": "Petra.Mcbrien@shit.ac.nz",
    "Tel": "+64 27 5852694",
    "Url": "https://www.shit.ac.nz/people/Petra-Mcbrien/",
    "Research": "Immersive Computing,Data Mining,Programming Languages,Computer Architecture"
  },
  {
    "Id": 9430868,
    "LastName": "Salizar",
    "FirstName": "Julieann",
    "Title": "Dr",
    "Email": "Julieann.Salizar@shit.ac.nz",
    "Tel": "+64 27 3983396",
    "Url": "https://www.shit.ac.nz/people/Julieann-Salizar/",
    "Research": "Software Engineering,Graphics and Visualization,Digital Security,Computational Biology,Parallel Computing"
  },
  {
    "Id": 9446189,
    "LastName": "Spearow",
    "FirstName": "Darcy",
    "Title": "Professor",
    "Email": "Darcy.Spearow@shit.ac.nz",
    "Tel": "+64 27 1403920",
    "Url": "https://www.shit.ac.nz/people/Darcy-Spearow/",
    "Research": "Data Mining,High Performance Computing,Geographical Information Systems,Computing Education,Artificial Intelligence"
  },
  {
    "Id": 9501716,
    "LastName": "Savelli",
    "FirstName": "Tenesha",
    "Title": "Associate Professor",
    "Email": "Tenesha.Savelli@shit.ac.nz",
    "Tel": "+64 27 8696725",
    "Url": "https://www.shit.ac.nz/people/Tenesha-Savelli/",
    "Research": "Data Mining,Artificial Intelligence,Programming Languages"
  },
  {
    "Id": 9798220,
    "LastName": "Saelens",
    "FirstName": "Emma",
    "Title": "Associate Professor",
    "Email": "Emma.Saelens@shit.ac.nz",
    "Tel": "+64 27 1758191",
    "Url": "https://www.shit.ac.nz/people/Emma-Saelens/",
    "Research": "Computer Architecture,Digital Security,Geographical Information Systems,Cloud Computing"
  },
  {
    "Id": 9937258,
    "LastName": "Walrond",
    "FirstName": "Kandis",
    "Title": "Associate Professor",
    "Email": "Kandis.Walrond@shit.ac.nz",
    "Tel": "+64 27 2641112",
    "Url": "https://www.shit.ac.nz/people/Kandis-Walrond/",
    "Research": "High Performance Computing,Cybersecurity,Programming Languages,Data Science,Digital Security"
  }
]